{
  "assetsByChunkName": {
    "vendors~app-account~app-confirmation~app-order": "chunk.dcd95517d1d051d47e01.js",
    "vendors~app-account~app-checkout": "chunk.43bba935ffd839042979.js",
    "vendors~app-cart~app-checkout": "chunk.c70b430254f6600d61cd.js",
    "admin": [
      "admin.5617b1268890ba8d4a4d.js",
      "admin.5617b1268890ba8d4a4d.js.map"
    ],
    "app-account": "chunk.6fe59be051d3b0dceb3c.js",
    "app-checkout": "chunk.59ea7ec3c4be1466f0cd.js",
    "app-confirmation": "chunk.ac14988a44e69fa047e2.js",
    "checkout": [
      "checkout.ee4759883e0fd17d2a03.js",
      "checkout.ee4759883e0fd17d2a03.js.map"
    ],
    "storefront": [
      "storefront.245adcd4c78fc095303e.css",
      "storefront.e42e372bfd8248a9ff98.js",
      "storefront.245adcd4c78fc095303e.css.map",
      "storefront.e42e372bfd8248a9ff98.js.map"
    ],
    "vendors~app-cart": "chunk.a3818c5eb74f13b18c13.js",
    "vendors~app-order": "chunk.cecafc570a11ff2a73f1.js"
  }
}