{
  "meta_title": "",
  "meta_description": "",
  "sections": [
    {
      "type": "banner-slider",
      "autoplay": 4000,
      "full_width": true,
      "slides": [
        {
          "start": "",
          "end": "2023-01-23T03:00:00.000Z",
          "img": "/img/uploads/swegfvaebe_easy-resize.com.jpg",
          "mobile_img": "/img/uploads/swegfvaebe_easy-resize.com.jpg"
        },
        {
          "start": "",
          "end": "",
          "img": "/img/uploads/colar_-12-1-.png",
          "link": "https://zahirprata.netlify.app/colares"
        },
        {
          "start": "",
          "end": "",
          "img": "/img/uploads/37322-colar-11-1-.png",
          "link": "https://zahirprata.netlify.app/brincos"
        },
        {
          "start": "",
          "end": "",
          "img": "/img/uploads/37322-colar-9-1-.png",
          "link": "https://zahirprata.netlify.app/aneis"
        },
        {
          "start": "",
          "end": "",
          "img": "/img/uploads/37322-colar-10-2-.png",
          "link": "https://zahirprata.netlify.app/pulseiras"
        }
      ]
    },
    {
      "type": "info-bar",
      "enabled": true
    },
    {
      "type": "banners-grid",
      "banners": [
        {
          "img": "/img/uploads/37322-argolas-400-460-px-5-.png",
          "link": "https://zahirprata.netlify.app/piercings"
        },
        {
          "img": "/img/uploads/37322-argolas-400-460-px-7-.png",
          "link": "https://zahirprata.netlify.app/tornozeleiras"
        }
      ]
    },
    {
      "type": "collection-shelf",
      "shuffle": true,
      "collection_id": null,
      "sort": "news",
      "title": "Novidades",
      "headless": false,
      "limit": 12,
      "page": 1
    },
    {
      "type": "collection-shelf",
      "shuffle": true,
      "limit": 12,
      "page": 1,
      "collection_id": "620aaaaa7963422eee01d804:categories:Brincos:/brincos",
      "sort": null,
      "headless": true
    },
    {
      "type": "collection-shelf",
      "shuffle": false,
      "limit": 12,
      "page": 1,
      "sort": "sales",
      "title": "Produtos Populares",
      "collection_id": "620ab1207963422eee01ef68:categories:Colares:/colares"
    },
    {
      "type": "collection-shelf",
      "shuffle": false,
      "limit": 12,
      "page": 1,
      "headless": true,
      "sort": "lowest_price",
      "collection_id": "635a83a573321213f8bf5803:categories:Berloques:/berloques"
    },
    {
      "type": "responsive-banner",
      "img": "/img/uploads/37322-descubra-sua-numeracao.png",
      "link": "https://zahirprata.netlify.app/aneis"
    }
  ]
}